n,slim,lmntal-interpreter
10000000,4.52208,-4.93856
20000000,9.27982,-0.00253
40000000,0.02020,-0.00035
80000000,0.14685,0.00012
