n,slim,lmntal-interpreter
1000,-0.07721,0.21681
1200,0.08278,0.31596
1440,0.14218,0.53512
1728,0.11352,0.80572
